{"busNm":"서울70사6553","busPosX":200210.26962087603,"busPosY":454158.5449614106,"busGpsX":127.002381,"busGpsY":37.586942,"angle":null,"time":"11:22:21"}
{"busNm":"서울70사6553","busPosX":200154.0166518581,"busPosY":454080.97095198696,"busGpsX":127.001744,"busGpsY":37.586243,"angle":125.94783004635732,"time":"11:22:36"}
{"busNm":"서울70사6553","busPosX":200146.33359527038,"busPosY":454074.5341596552,"busGpsX":127.001657,"busGpsY":37.586185,"angle":140.0440424619004,"time":"11:22:51"}
{"busNm":"서울70사6553","busPosX":200139.5337108668,"busPosY":454064.5461324095,"busGpsX":127.00158,"busGpsY":37.586095,"angle":124.24717287017167,"time":"11:23:6"}
{"busNm":"서울70사6553","busPosX":200139.5337108668,"busPosY":454064.5461324095,"busGpsX":127.00158,"busGpsY":37.586095,"angle":124.24717287017167,"time":"11:23:21"}
{"busNm":"서울70사6553","busPosX":200138.65060837165,"busPosY":454063.21439626906,"busGpsX":127.00157,"busGpsY":37.586083,"angle":123.54920255021598,"time":"11:23:36"}
{"busNm":"서울70사6553","busPosX":200131.49787373774,"busPosY":454026.8138977522,"busGpsX":127.001489,"busGpsY":37.585755,"angle":101.11703657910786,"time":"11:23:51"}
{"busNm":"서울70사6553","busPosX":200131.49787373774,"busPosY":454026.8138977522,"busGpsX":127.001489,"busGpsY":37.585755,"angle":101.11703657910786,"time":"11:24:6"}
{"busNm":"서울70사6553","busPosX":199853.39457621347,"busPosY":453684.5618771296,"busGpsX":126.99834,"busGpsY":37.582671,"angle":129.0962316207181,"time":"11:24:21"}
{"busNm":"서울70사6553","busPosX":199853.39457621347,"busPosY":453684.5618771296,"busGpsX":126.99834,"busGpsY":37.582671,"angle":129.0962316207181,"time":"11:24:36"}
{"busNm":"서울70사6553","busPosX":199853.39457621347,"busPosY":453684.5618771296,"busGpsX":126.99834,"busGpsY":37.582671,"angle":129.0962316207181,"time":"11:24:51"}
{"busNm":"서울70사6553","busPosX":199853.39457621347,"busPosY":453684.5618771296,"busGpsX":126.99834,"busGpsY":37.582671,"angle":129.0962316207181,"time":"11:25:6"}
{"busNm":"서울70사6553","busPosX":199853.39457621347,"busPosY":453684.5618771296,"busGpsX":126.99834,"busGpsY":37.582671,"angle":129.0962316207181,"time":"11:25:21"}
{"busNm":"서울70사6553","busPosX":199684.25662314307,"busPosY":453374.0538185877,"busGpsX":126.996425,"busGpsY":37.579873,"angle":118.5777295572549,"time":"11:25:36"}
{"busNm":"서울70사6553","busPosX":199691.84970885867,"busPosY":453308.91023629485,"busGpsX":126.996511,"busGpsY":37.579286,"angle":83.35164810211133,"time":"11:25:51"}
{"busNm":"서울70사6553","busPosX":199691.84970885867,"busPosY":453308.91023629485,"busGpsX":126.996511,"busGpsY":37.579286,"angle":83.35164810211133,"time":"11:26:6"}
{"busNm":"서울70사6553","busPosX":199714.6315938626,"busPosY":453169.07885738416,"busGpsX":126.996769,"busGpsY":37.578026,"angle":80.74644795722536,"time":"11:26:21"}
{"busNm":"서울70사6553","busPosX":199714.6315938626,"busPosY":453169.07885738416,"busGpsX":126.996769,"busGpsY":37.578026,"angle":80.74644795722536,"time":"11:26:36"}
{"busNm":"서울70사6553","busPosX":199714.6315938626,"busPosY":453169.07885738416,"busGpsX":126.996769,"busGpsY":37.578026,"angle":80.74644795722536,"time":"11:26:51"}
{"busNm":"서울70사6553","busPosX":199714.6315938626,"busPosY":453169.07885738416,"busGpsX":126.996769,"busGpsY":37.578026,"angle":80.74644795722536,"time":"11:27:6"}
{"busNm":"서울70사6553","busPosX":199728.8494570787,"busPosY":453108.4851454301,"busGpsX":126.99693,"busGpsY":37.57748,"angle":76.79485877613901,"time":"11:27:21"}
{"busNm":"서울70사6553","busPosX":199728.8494570787,"busPosY":453108.4851454301,"busGpsX":126.99693,"busGpsY":37.57748,"angle":76.79485877613901,"time":"11:27:37"}
{"busNm":"서울70사6553","busPosX":199728.8494570787,"busPosY":453108.4851454301,"busGpsX":126.99693,"busGpsY":37.57748,"angle":76.79485877613901,"time":"11:27:51"}
{"busNm":"서울70사6553","busPosX":199728.8494570787,"busPosY":453108.4851454301,"busGpsX":126.99693,"busGpsY":37.57748,"angle":76.79485877613901,"time":"11:28:6"}
{"busNm":"서울70사6553","busPosX":199618.08805493664,"busPosY":453004.2824694915,"busGpsX":126.995676,"busGpsY":37.576541,"angle":136.74759797519886,"time":"11:28:21"}
{"busNm":"서울70사6553","busPosX":199618.08805493664,"busPosY":453004.2824694915,"busGpsX":126.995676,"busGpsY":37.576541,"angle":27.648585858791378,"time":"11:28:36"}
{"busNm":"서울70사6553","busPosX":199324.68698613383,"busPosY":453132.9230503137,"busGpsX":126.992354,"busGpsY":37.5777,"angle":156.32513495984884,"time":"11:28:51"}
{"busNm":"서울70사6553","busPosX":199274.96101357148,"busPosY":453127.6003682781,"busGpsX":126.991791,"busGpsY":37.577652,"angle":173.89030702105842,"time":"11:29:7"}
{"busNm":"서울70사6553","busPosX":199266.57030240112,"busPosY":453126.7132926858,"busGpsX":126.991696,"busGpsY":37.577644,"angle":173.96504212308818,"time":"11:29:21"}
{"busNm":"서울70사6553","busPosX":199266.57030240112,"busPosY":453126.7132926858,"busGpsX":126.991696,"busGpsY":37.577644,"angle":173.96504212308818,"time":"11:29:36"}
{"busNm":"서울70사6553","busPosX":199148.1278911762,"busPosY":453107.30369817046,"busGpsX":126.990355,"busGpsY":37.577469,"angle":170.69344893255374,"time":"11:29:51"}
{"busNm":"서울70사6553","busPosX":198993.12151845882,"busPosY":453106.54422214394,"busGpsX":126.9886,"busGpsY":37.577462,"angle":179.7192733305699,"time":"11:30:6"}
{"busNm":"서울70사6553","busPosX":199024.2989787562,"busPosY":453102.7672927426,"busGpsX":126.988953,"busGpsY":37.577428,"angle":6.907321050260064,"time":"11:30:22"}
{"busNm":"서울70사6553","busPosX":198988.96985248371,"busPosY":453102.4385920875,"busGpsX":126.988553,"busGpsY":37.577425,"angle":179.46693793886732,"time":"11:30:36"}
{"busNm":"서울70사6553","busPosX":198833.07700930236,"busPosY":453079.375913857,"busGpsX":126.986788,"busGpsY":37.577217,"angle":171.58474041125172,"time":"11:30:51"}
{"busNm":"서울70사6553","busPosX":198833.07700930236,"busPosY":453079.375913857,"busGpsX":126.986788,"busGpsY":37.577217,"angle":171.58474041125172,"time":"11:31:6"}
{"busNm":"서울70사6553","busPosX":198707.29352594615,"busPosY":453005.0402275701,"busGpsX":126.985364,"busGpsY":37.576547,"angle":149.4177067743368,"time":"11:31:22"}
{"busNm":"서울70사6553","busPosX":198631.9463006898,"busPosY":452962.21533981385,"busGpsX":126.984511,"busGpsY":37.576161,"angle":null,"time":"11:31:49"}
{"busNm":"서울70사6553","busPosX":198631.9463006898,"busPosY":452962.21533981385,"busGpsX":126.984511,"busGpsY":37.576161,"angle":0,"time":"11:32:4"}
