{"busNm":"서울70사6420","busPosX":198452.25292341562,"busPosY":451790.00216954807,"busGpsX":126.982479,"busGpsY":37.565598,"angle":null,"time":"11:22:21"}
{"busNm":"서울70사6420","busPosX":198452.25292341562,"busPosY":451790.00216954807,"busGpsX":126.982479,"busGpsY":37.565598,"angle":0,"time":"11:22:36"}
{"busNm":"서울70사6420","busPosX":198435.45305778505,"busPosY":451705.6632616129,"busGpsX":126.982289,"busGpsY":37.564838,"angle":101.26556136184499,"time":"11:22:51"}
{"busNm":"서울70사6420","busPosX":198392.83921702756,"busPosY":451524.22503904765,"busGpsX":126.981807,"busGpsY":37.563203,"angle":103.2173263775417,"time":"11:23:6"}
{"busNm":"서울70사6420","busPosX":198369.4163643241,"busPosY":451458.6425845977,"busGpsX":126.981542,"busGpsY":37.562612,"angle":109.654248301999,"time":"11:23:21"}
{"busNm":"서울70사6420","busPosX":198369.4163643241,"busPosY":451458.6425845977,"busGpsX":126.981542,"busGpsY":37.562612,"angle":109.654248301999,"time":"11:23:36"}
{"busNm":"서울70사6420","busPosX":198353.77365533353,"busPosY":451425.9076512554,"busGpsX":126.981365,"busGpsY":37.562317,"angle":115.54126081290963,"time":"11:23:51"}
{"busNm":"서울70사6420","busPosX":198352.5363809952,"busPosY":451423.35544092394,"busGpsX":126.981351,"busGpsY":37.562294,"angle":115.86343076957688,"time":"11:24:6"}
{"busNm":"서울70사6420","busPosX":198352.27124910682,"busPosY":451422.80061185407,"busGpsX":126.981348,"busGpsY":37.562289,"angle":115.54137641712268,"time":"11:24:21"}
{"busNm":"서울70사6420","busPosX":198352.27124910682,"busPosY":451422.80061185407,"busGpsX":126.981348,"busGpsY":37.562289,"angle":115.54137641712268,"time":"11:24:36"}
{"busNm":"서울70사6420","busPosX":198352.18288648655,"busPosY":451422.6896530548,"busGpsX":126.981347,"busGpsY":37.562288,"angle":128.5322463929037,"time":"11:24:51"}
{"busNm":"서울70사6420","busPosX":198352.18288648655,"busPosY":451422.6896530548,"busGpsX":126.981347,"busGpsY":37.562288,"angle":128.5322463929037,"time":"11:25:6"}
{"busNm":"서울70사6420","busPosX":198350.32696221911,"busPosY":451418.80584983947,"busGpsX":126.981326,"busGpsY":37.562253,"angle":115.54139058374264,"time":"11:25:21"}
{"busNm":"서울70사6420","busPosX":198350.32696221911,"busPosY":451418.80584983947,"busGpsX":126.981326,"busGpsY":37.562253,"angle":115.54139058374264,"time":"11:25:36"}
{"busNm":"서울70사6420","busPosX":198350.32696221911,"busPosY":451418.80584983947,"busGpsX":126.981326,"busGpsY":37.562253,"angle":115.54139058374264,"time":"11:25:51"}
{"busNm":"서울70사6420","busPosX":198049.41064677207,"busPosY":451299.2386104381,"busGpsX":126.97792,"busGpsY":37.561175,"angle":158.32990684414443,"time":"11:26:6"}
{"busNm":"서울70사6420","busPosX":198049.41064677207,"busPosY":451299.2386104381,"busGpsX":126.97792,"busGpsY":37.561175,"angle":158.32990684414443,"time":"11:26:21"}
{"busNm":"서울70사6420","busPosX":198049.41064677207,"busPosY":451299.2386104381,"busGpsX":126.97792,"busGpsY":37.561175,"angle":158.32990684414443,"time":"11:26:36"}
{"busNm":"서울70사6420","busPosX":198049.41064677207,"busPosY":451299.2386104381,"busGpsX":126.97792,"busGpsY":37.561175,"angle":158.32990684414443,"time":"11:26:51"}
{"busNm":"서울70사6420","busPosX":198049.41064677207,"busPosY":451299.2386104381,"busGpsX":126.97792,"busGpsY":37.561175,"angle":158.32990684414443,"time":"11:27:6"}
{"busNm":"서울70사6420","busPosX":198049.41064677207,"busPosY":451299.2386104381,"busGpsX":126.97792,"busGpsY":37.561175,"angle":158.32990684414443,"time":"11:27:21"}
{"busNm":"서울70사6420","busPosX":198049.41064677207,"busPosY":451299.2386104381,"busGpsX":126.97792,"busGpsY":37.561175,"angle":158.32990684414443,"time":"11:27:37"}
{"busNm":"서울70사6420","busPosX":198049.41064677207,"busPosY":451299.2386104381,"busGpsX":126.97792,"busGpsY":37.561175,"angle":158.32990684414443,"time":"11:27:51"}
{"busNm":"서울70사6420","busPosX":197683.41993498267,"busPosY":451017.8967664619,"busGpsX":126.973778,"busGpsY":37.558639,"angle":142.45004782427873,"time":"11:28:6"}
{"busNm":"서울70사6420","busPosX":197694.3784009356,"busPosY":451031.21086947946,"busGpsX":126.973902,"busGpsY":37.558759,"angle":50.54315882091817,"time":"11:28:21"}
{"busNm":"서울70사6420","busPosX":197694.3784009356,"busPosY":451031.21086947946,"busGpsX":126.973902,"busGpsY":37.558759,"angle":72.1684397875442,"time":"11:28:36"}
{"busNm":"서울70사6420","busPosX":197628.8886610465,"busPosY":450939.229984873,"busGpsX":126.973161,"busGpsY":37.55793,"angle":125.45059740704518,"time":"11:28:51"}
{"busNm":"서울70사6420","busPosX":197582.13486019147,"busPosY":450874.32235679403,"busGpsX":126.972632,"busGpsY":37.557345,"angle":125.76569201182052,"time":"11:29:7"}
{"busNm":"서울70사6420","busPosX":197580.98467550092,"busPosY":450868.5519267721,"busGpsX":126.972619,"busGpsY":37.557293,"angle":101.27268057553898,"time":"11:29:21"}
{"busNm":"서울70사6420","busPosX":197580.98467550092,"busPosY":450868.5519267721,"busGpsX":126.972619,"busGpsY":37.557293,"angle":101.27268057553898,"time":"11:29:36"}
{"busNm":"서울70사6420","busPosX":197580.89594105846,"busPosY":450867.2202376304,"busGpsX":126.972618,"busGpsY":37.557281,"angle":93.81215440204075,"time":"11:29:51"}
{"busNm":"서울70사6420","busPosX":197580.9847724848,"busPosY":450868.8848554911,"busGpsX":126.972619,"busGpsY":37.557296,"angle":86.94533935678284,"time":"11:30:6"}
{"busNm":"서울70사6420","busPosX":197580.89577941282,"busPosY":450866.6653564316,"busGpsX":126.972618,"busGpsY":37.557276,"angle":92.29610260139609,"time":"11:30:22"}
{"busNm":"서울70사6420","busPosX":197580.89577941282,"busPosY":450866.6653564316,"busGpsX":126.972618,"busGpsY":37.557276,"angle":92.29610260139609,"time":"11:30:36"}
{"busNm":"서울70사6420","busPosX":197580.62964055702,"busPosY":450862.89224150963,"busGpsX":126.972615,"busGpsY":37.557242,"angle":94.0347087379889,"time":"11:30:51"}
{"busNm":"서울70사6420","busPosX":197570.67746212016,"busPosY":450666.80014520744,"busGpsX":126.972503,"busGpsY":37.555475,"angle":92.90541533234111,"time":"11:31:6"}
{"busNm":"서울70사6420","busPosX":197573.160693812,"busPosY":450699.2044748389,"busGpsX":126.972531,"busGpsY":37.555767,"angle":85.61783377792085,"time":"11:31:22"}
{"busNm":"서울70사6420","busPosX":197582.2240595067,"busPosY":450573.79871389596,"busGpsX":126.972634,"busGpsY":37.554637,"angle":null,"time":"11:31:49"}
{"busNm":"서울70사6420","busPosX":197582.2240595067,"busPosY":450573.79871389596,"busGpsX":126.972634,"busGpsY":37.554637,"angle":0,"time":"11:32:4"}
